cohort,n_candidates,n_selected,gross_return,benchmark_return,active_return,cost_total,net_return,net_active_return,commission,stamp_tax,slippage,impact,capacity,adv_missing,buy_turnover,sell_turnover
2019-04,2512,503,-0.04905687010983384,-0.05454505228333356,0.005488182173499723,0.00337591965476241,-0.05243278976459625,0.0021122625187373137,0.0006,0.0005,0.0012032956794298573,0.0010726239753325528,1688665717.8121054,11.0,1.0,1.0
2019-05,743,149,0.01836974033921948,0.0032659580366798556,0.015103782302539625,0.004498267842502103,0.013871472496717378,0.010605514460037522,0.0006,0.0005,0.0015974052725452814,0.0018008625699568214,537998871.32,0.0,1.0,1.0
2019-07,79,16,-0.0020745447837467457,0.0016752417915868864,-0.003749786575333632,0.015617973237279486,-0.017692518021026234,-0.01936775981261312,0.0006,0.0005,0.008906270747431612,0.005611702489847874,24520230.08,0.0,1.0,1.0
2019-08,2536,508,0.04755087422444058,0.0435905654684198,0.003960308756020776,0.003919222857815213,0.04363165136662536,4.1085898205561744e-05,0.0006,0.0005,0.0015448610528271862,0.0012743618049880275,548750089.442,0.0,1.0,1.0
2019-09,665,133,-0.012173203224150497,-0.009797323116877865,-0.002375880107272632,0.006358775660074837,-0.018531978884225336,-0.008734655767347471,0.0006,0.0005,0.0030194511780247332,0.002239324482050104,138674207.329,0.0,1.0,1.0
2019-10,2799,560,-0.027374510901407075,-0.03440735955381331,0.007032848652406238,0.0036331989151903664,-0.03100770981659744,0.003399649737215873,0.0006,0.0005,0.0013804841744381306,0.001152714740752236,850613095.0800002,0.0,1.0,1.0
2019-11,516,104,-0.031219537660394262,-0.028531091788312625,-0.002688445872081637,0.005868593014420486,-0.03708813067481475,-0.008557038886502125,0.0006,0.0005,0.002815204193649198,0.0019533888207712872,151490168.128,0.0,1.0,1.0
2020-02,12,3,-0.0975536818427745,-0.07933647636445938,-0.018217205478315124,0.00717954146670027,-0.10473322330947478,-0.025396746945015397,0.0006,0.0005,0.0022969142418997495,0.003782627224800521,536136271.0590001,0.0,1.0,1.0
2020-03,460,92,0.02204923645769062,0.01533802199402225,0.006711214463668371,0.0057778719821855624,0.01627136447550506,0.0009333424814828087,0.0006,0.0005,0.00196470096952911,0.002713171012656453,335314471.265,0.0,1.0,1.0
2020-04,4942,989,0.03547147277325069,0.04175348952048204,-0.006282016747231348,0.0031894624246579678,0.032282010348592724,-0.009471479171889313,0.0006,0.0005,0.0011758677558683934,0.0009135946687895747,1639205714.203,1.0,1.0,1.0
2020-05,1301,261,0.029288952321536783,0.03739079322571752,-0.008101840904180736,0.004717591017315784,0.024571361304221,-0.01281943192149652,0.0006,0.0005,0.001810077759531982,0.0018075132577838032,363237831.63000005,0.0,1.0,1.0
2020-06,33,7,-0.010387692659149992,0.016942381330958305,-0.027330073990108297,0.018605287355553356,-0.028992980014703348,-0.04593536134566165,0.0006,0.0005,0.01001355584488831,0.007491731510665044,12980283.211000003,0.0,1.0,1.0
2020-07,122,25,0.016158960670215862,0.027045752319095003,-0.010886791648879141,0.009909362507909497,0.006249598162306365,-0.02079615415678864,0.0006,0.0005,0.003358713833670164,0.0054506486742393325,134923948.85000002,0.0,1.0,1.0
2020-08,3206,642,-0.057792678289775225,-0.046418564308765724,-0.011374113981009501,0.0031342987911320707,-0.060926977080907295,-0.014508412772141571,0.0006,0.0005,0.0011313365511284423,0.0009029622400036283,2224404789.4560003,0.0,1.0,1.0
2020-09,155,31,-0.09219598738326343,-0.08106223792177986,-0.011133749461483572,0.007276268333486343,-0.09947225571674977,-0.01841001779496991,0.0006,0.0005,0.002980423796836914,0.0031958445366494287,156547097.70250002,0.0,1.0,1.0
2020-10,2219,444,0.0009653025721891762,0.012940730112282264,-0.011975427540093089,0.0035663733962724292,-0.002601070824083253,-0.015541800936365518,0.0006,0.0005,0.0012917082385913005,0.0011746651576811289,988016687.4180002,1.0,1.0,1.0
2020-11,1349,270,0.023515630851566726,0.038293575847273074,-0.014777944995706348,0.004252625009644387,0.019263005841922337,-0.019030570005350737,0.0006,0.0005,0.001711001777020784,0.001441623232623604,384430943.9025,0.0,1.0,1.0
2021-02,26,6,0.017127862169421176,0.005660222683279788,0.011467639486141388,0.01963790075129739,-0.002510038581876213,-0.008170261265156001,0.0006,0.0005,0.00800478525909762,0.01053311549219977,31239637.560000006,0.0,1.0,1.0
2021-03,706,142,-0.0033500355080822142,0.002697577306229585,-0.006047612814311799,0.005385900441733146,-0.00873593594981536,-0.011433513256044945,0.0006,0.0005,0.0021098096959446242,0.002176090745788521,259519865.16349998,0.0,1.0,1.0
2021-04,5668,1134,0.03171466045324983,0.04125252445803417,-0.00953786400478434,0.0030565932630672544,0.028658067190182577,-0.012594457267851595,0.0006,0.0005,0.0011639945112368816,0.0007925987518303731,1815400574.4105,1.0,1.0,1.0
2021-05,1015,203,0.03954398351360223,0.054356784392974124,-0.014812800879371896,0.00471696086667605,0.03482702264692618,-0.019529761746047945,0.0006,0.0005,0.0019305560778985385,0.001686404788777511,296556316.665,0.0,1.0,1.0
2021-07,72,15,0.03750372470783354,0.05525422249625403,-0.017750497788420493,0.011418456433739115,0.026085268274094423,-0.029168954222159607,0.0006,0.0005,0.004558232820602995,0.005760223613136118,82482545.745,0.0,1.0,1.0
2021-08,3424,685,0.020992796819510044,0.0010271489422375186,0.019965647877272525,0.003188746734155442,0.017804050085354604,0.016776901143117084,0.0006,0.0005,0.0011721275079059445,0.0009166192262494977,1390112536.395,0.0,1.0,1.0
2021-09,393,79,-0.0014746351651095553,0.013871706651042611,-0.015346341816152166,0.006401221698323436,-0.00787585686343299,-0.021747563514475602,0.0006,0.0005,0.0029828972225781044,0.0023183244757453317,104935219.67999999,0.0,1.0,1.0
2021-10,2294,459,0.06621012206023172,0.10629530208751296,-0.040085180027281245,0.00353555244369596,0.06267456961653575,-0.04362073247097721,0.0006,0.0005,0.0012288396588577355,0.0012067127848382248,1031174613.7739999,0.0,1.0,1.0
2021-11,1669,334,0.03640253048953514,0.06330511407212941,-0.026902583582594272,0.003841602288477931,0.03256092820105721,-0.0307441858710722,0.0006,0.0005,0.001363091855446703,0.0013785104330312284,630219445.2110001,0.0,1.0,1.0
2022-02,23,5,-0.024548962451146218,-0.06675038649863406,0.04220142404748784,0.01659180815198462,-0.04114077060313084,0.025609615895503222,0.0006,0.0005,0.008015704776211361,0.007476103375773259,41413860.525000006,0.0,1.0,1.0
2022-03,762,153,-0.11398814069552188,-0.10902161792187783,-0.004966522773644053,0.004590520179011525,-0.1185786608745334,-0.009557042952655581,0.0006,0.0005,0.0015725128880275416,0.0019180072909839832,476990874.342,0.0,1.0,1.0
2022-04,5185,1037,0.04955845329939951,0.07795340218193791,-0.028394948882538407,0.0032164533304999093,0.0463419999688996,-0.03161140221303831,0.0006,0.0005,0.001131318842104307,0.0009851344883956023,2360592134.127,0.0,1.0,1.0
2022-05,2296,460,0.09335750711209982,0.10140906451034079,-0.008051557398240969,0.004084281190034967,0.08927322592206485,-0.012135838588275938,0.0006,0.0005,0.0012822293976530149,0.0017020517923819528,1041670019.6650002,0.0,1.0,1.0
2022-07,48,10,0.011024753087880057,0.009550582441200576,0.0014741706466794811,0.009272578343834935,0.0017521747440451228,-0.007798407697155453,0.0006,0.0005,0.0035526774437514043,0.00461990090008353,158899754.6,0.0,1.0,1.0
2022-08,3749,750,-0.07616123554136822,-0.07928602525653028,0.0031247897151620574,0.0030528405691018826,-0.0792140761104701,7.194914606017955e-05,0.0006,0.0005,0.001131205257605096,0.0008216353114967868,2368383753.1875005,1.0,1.0,1.0
2022-09,440,88,-0.07301930167195358,-0.07548908280186978,0.002469781129916193,0.004907357956510711,-0.07792665962846429,-0.002437576826594512,0.0006,0.0005,0.0020635232448932787,0.0017438347116174326,340735667.58000004,0.0,1.0,1.0
2022-10,3945,789,0.03396104932046438,0.05673690487963241,-0.022775855559168036,0.003267152901400554,0.030693896419063824,-0.02604300846056859,0.0006,0.0005,0.0011648870536604431,0.0010022658477401114,1725774954.1650004,0.0,1.0,1.0
2022-11,365,73,0.027267020044699903,0.06838454085145691,-0.04111752080675701,0.00637793615905995,0.020889083885639953,-0.04749545696581696,0.0006,0.0005,0.0023459428584608442,0.002931993300599106,209814969.47200003,0.0,1.0,1.0
2023-02,10,2,0.015953970044798815,-0.025405452362117765,0.04135942240691658,0.019005439594190286,-0.003051469549391471,0.022353982812726294,0.0006,0.0005,0.011000000000000003,0.006905439594190283,23103000.707000002,0.0,1.0,1.0
2023-03,684,137,-0.011089811047525409,-0.004447978537976165,-0.006641832509549243,0.003977563001247516,-0.015067374048772925,-0.01061939551079676,0.0006,0.0005,0.0015836859598056107,0.0012938770414419047,638096169.4010001,0.0,1.0,1.0
2023-04,5090,1018,0.0009488421795384442,0.014214703786085357,-0.013265861606546912,0.0029608658021666014,-0.0020120236226281573,-0.016226727408713514,0.0006,0.0005,0.0011252976826266045,0.0007355681195399969,2578938211.5528555,0.0,1.0,1.0
2023-05,3117,624,-0.015783223937228776,-0.009056390336231979,-0.006726833600996797,0.003242833604842183,-0.01902605754207096,-0.009969667205838981,0.0006,0.0005,0.0012240452095312736,0.0009187883953109095,1194851274.864,0.0,1.0,1.0
2023-07,55,11,-0.07393520604750684,-0.06341206929500938,-0.010523136752497456,0.010749872881167171,-0.08468507892867401,-0.02127300963366463,0.0006,0.0005,0.005766610387392093,0.003883262493775078,101929408.7625,0.0,1.0,1.0
2023-08,3923,785,-0.004126805966136114,0.00379973498799902,-0.007926540954135135,0.00305768440596932,-0.007184490372105433,-0.010984225360104453,0.0006,0.0005,0.0011852886913913552,0.0007723957145779651,1846603130.66,0.0,1.0,1.0
2023-09,603,121,-0.01521086002216437,-0.0087491158886078,-0.0064617441335565705,0.004934859883970575,-0.020145719906134944,-0.011396604017527144,0.0006,0.0005,0.0020572378583238785,0.0017776220256466972,290458095.73,0.0,1.0,1.0
2023-10,3675,735,0.03417426781479598,0.047532112143008724,-0.013357844328212742,0.0032051464117577038,0.03096912140303828,-0.016562990739970446,0.0006,0.0005,0.0012196655320897275,0.0008854808796679762,1662200468.8274999,1.0,1.0,1.0
2023-11,951,191,0.018494313450105687,0.036911315910059625,-0.018417002459953938,0.004446012812625976,0.014048300637479711,-0.022863015272579914,0.0006,0.0005,0.001779937004644548,0.0015660758079814286,488695465.95500004,0.0,1.0,1.0
2024-02,7,2,0.06177701807353009,0.14686691405908966,-0.08508989598555958,0.027681597209341675,0.03409542086418842,-0.11277149319490125,0.0006,0.0005,0.011000000000000003,0.01558159720934167,15077581.807,0.0,1.0,1.0
2024-03,525,105,0.007329720985086311,-0.00565142181961819,0.012981142804704502,0.005390675785504086,0.0019390451995822244,0.007590467019200415,0.0006,0.0005,0.001937102334143915,0.0023535734513601713,512871915.35999995,0.0,1.0,1.0
2024-04,7280,1456,0.0158833588547044,0.011117313940496518,0.0047660449142078835,0.0031336503266030775,0.012749708528101323,0.0016323945876048056,0.0006,0.0005,0.0010968561974987296,0.000936794129104348,4039156949.1,0.0,1.0,1.0
2024-05,1549,310,-0.05765122844774324,-0.06045395064453522,0.002802722196791986,0.004320334229111806,-0.061971562676855045,-0.001517612032319822,0.0006,0.0005,0.0013935016989260033,0.0018268325301858026,861934756.3025001,0.0,1.0,1.0
2024-07,44,9,-0.11334592190960831,-0.06763397622525485,-0.04571194568435345,0.016544236206157206,-0.1298901581157655,-0.06225618189051066,0.0006,0.0005,0.008108252665689826,0.007335983540467382,42172120.152,0.0,1.0,1.0
2024-08,3365,673,0.1031921358614251,0.14273340968489906,-0.03954127382347396,0.003510098458138595,0.0996820374032865,-0.04305137228161256,0.0006,0.0005,0.0013367102498134727,0.0010733882083251226,954955330.6390002,0.0,1.0,1.0
2024-09,1285,257,0.21460668477234632,0.22819464426561226,-0.013587959493265939,0.004903734327878473,0.20970295044446785,-0.018491693821144406,0.0006,0.0005,0.0019980128323603403,0.0018057214955181332,322812707.77500004,0.0,1.0,1.0
