code,report_date,announcements_total,correction_count,report_correction_count,report_corrected,correction_titles,scan_error
300429,2019-03-31,23,0,0,False,,
000830,2019-03-31,25,0,0,False,,
002761,2019-03-31,109,6,0,False,重大资产置换及换股吸收合并浙江省建设投资集团股份有限公司暨关联交易报告书（草案）（修订稿）摘要 | 重大资产置换及换股吸收合并浙江省建设投资集团股份有限公司暨关联交易报告书（草案）（修订稿） | 关于重大资产置换及换股吸收合并暨关联交易报告书（草案）的修订情况说明的公告 | 重大资产置换及换股吸收合并浙江省建设投资集团股份有限公司暨关联交易预案（修订稿）摘要 | 重大资产置换及换股吸收合并浙江省建设投资集团股份有限公司暨关联交易预案（修订稿） | 关于重大资产置换及换股吸收合并暨关联交易预案的修订情况说明的公告,
002772,2019-03-31,52,0,0,False,,
002916,2019-03-31,32,2,0,False,关于临时股东大会通知的更正公告 | 公司章程修订对照表,
600444,2019-03-31,8,1,0,False,关于2018年年度股东大会通知的更正公告,
603386,2019-03-31,79,13,1,True,发行股份及支付现金购买资产重大资产重组报告书（草案）（修订稿） | 发行股份及支付现金购买资产重大资产重组报告书（草案）（修订稿）摘要 | 关于发行股份及支付现金购买资产暨关联交易报告书（草案）的修订说明 | 民生证券股份有限公司关于广东骏亚电子科技股份有限公司发行股份及支付现金购买资产暨关联交易之独立财务顾问报告（修订稿） | 民生证券股份有限公司关于广东骏亚电子科技股份有限公司发行股份及支付现金购买资产暨关联交易申请文件反馈意见的回复之核查意见（修订稿） | 关于对《中国证监会行政许可项目审查一次反馈意见通知书》回复修订的公告 | 发行股份及支付现金购买资产暨关联交易申请文件反馈意见中有关财务事项的说明（修订稿） | 关于《中国证监会行政许可项目审查一次反馈意见通知书》的回复（修订稿） | 发行股份及支付现金购买资产暨关联交易报告书（草案）（修订稿） | 发行股份及支付现金购买资产暨关联交易报告书（草案）（修订稿）摘要 | 关于发行股份及支付现金购买资产暨关联交易报告书（草案）的修订说明 | 民生证券股份有限公司关于广东骏亚电子科技股份有限公司发行股份及支付现金购买资产暨关联交易之独立财务顾问报告（修订稿） | 2019年第一季度报告（修订稿）,
002671,2019-03-31,60,1,1,True,关于2019年第一季度报告补充更正公告,
300037,2019-03-31,47,10,0,False,2018年创业板非公开发行A股股票方案论证分析报告（三次修订稿） | 2018年创业板非公开发行A股股票预案（三次修订稿） | 关于非公开发行A股股票预案三次修订情况说明的公告 | 2019年半年度报告及非公开发行预案（三次修订稿）披露提示性公告 | 2018年创业板非公开发行A股股票预案（二次修订稿） | 2018年创业板非公开发行A股股票募集资金使用的可行性分析报告（二次修订稿） | 2018年创业板非公开发行A股股票方案论证分析报告（二次修订稿） | 关于非公开发行A股股票后填补被摊薄即期回报措施（二次修订稿）的公告 | 关于非公开发行A股股票预案二次修订情况说明的公告 | 非公开发行A股股票预案（二次修订稿）披露的提示性公告,
300125,2019-03-31,40,0,0,False,,
300443,2019-03-31,26,0,0,False,,
300610,2019-03-31,65,2,0,False,更正公告 | 更正公告,
603588,2019-03-31,63,0,0,False,,
603939,2019-03-31,57,3,1,True,2019年限制性股票激励计划（草案）（修订版） | 2019年第一季度报告（修订版） | 关于2019年限制性股票激励计划（草案）的更正公告,
601218,2019-03-31,36,4,0,False,重大经营与投资决策管理制度（2019年7月修订） | 重大信息内部报告制度（2019年7月修订） | 经理工作细则（2019年7月修订） | 2018年年度报告（修订稿）,
000510,2019-03-31,25,1,0,False,更正公告,
000555,2019-03-31,49,6,0,False,关于持股5%以上股东权益变动的补充公告 | 泰和泰律师事务所关于公司2019年股票期权与限制性股票激励计划（草案修订稿）的法律意见书 | 上海荣正投资咨询股份有限公司关于公司2019年股票期权与限制性股票激励计划（草案修订稿）之独立财务顾问报告 | 2019年股票期权与限制性股票激励计划（草案修订稿）摘要 | 2019年股票期权与限制性股票激励计划（草案修订稿） | 关于《2019年股票期权与限制性股票激励计划（草案）》的修订说明,
000718,2019-03-31,14,0,0,False,,
000902,2019-03-31,21,0,0,False,,
002117,2019-03-31,9,0,0,False,,
002134,2019-03-31,19,0,0,False,,
002189,2019-03-31,14,1,0,False,关于召开2018年度股东大会通知的更正公告,
002697,2019-03-31,43,0,0,False,,
002714,2019-03-31,50,1,0,False,关于2019年一季度报告补充更正公告,
300121,2019-03-31,47,0,0,False,,
300181,2019-03-31,19,0,0,False,,
300193,2019-03-31,13,0,0,False,,
300285,2019-03-31,46,0,0,False,,
300286,2019-03-31,36,0,0,False,,
300492,2019-03-31,37,2,0,False,发行股份、可转换公司债券及支付现金购买资产并募集配套资金暨关联交易预案（修订稿） | 关于公司发行股份、可转换公司债券及支付现金购买资产并募集配套资金暨关联交易预案的修订说明公告,
300535,2019-03-31,38,0,0,False,,
300584,2019-03-31,47,2,0,False,关于《2018年度股东大会通知更正公告》的更正公告 | 2018年度股东大会通知更正公告,
600567,2019-03-31,56,3,0,False,公开发行可转换公司债券募集资金使用可行性分析报告（修订稿） | 关于公司公开发行可转换公司债券预案（修订稿）的公告 | 关于公开发行可转换公司债券摊薄即期回报的风险提示与填补措施及相关主体承诺（修订稿）的公告,
600791,2019-03-31,11,0,0,False,,
600829,2019-03-31,36,2,0,False,关于间接控股股东哈药集团增资扩股事宜进展的补充公告 | 章程（2019年7月修订）,
600845,2019-03-31,18,0,0,False,,
601975,2019-03-31,9,0,0,False,,
603160,2019-03-31,71,2,0,False,关于变更注册资本及修订《公司章程》的公告 | 公司章程（2019年7月修订）,
603369,2019-03-31,24,0,0,False,,
603587,2019-03-31,13,0,0,False,,
300034,2019-03-31,48,3,0,False,关于召开2019年第三次临时股东大会通知更正公告 | 《公司章程》修订对照表 | 关于监事会届次更正的公告,
600546,2019-03-31,42,9,1,True,公司章程（2019年7月修订） | 股东大会议事规则（2019年7月修订） | 总经理工作细则（2019年7月修订） | 董事会审计委员会工作细则（2019年7月修订） | 董事会议事规则（2019年7月修订） | 独立董事工作制度（2019年7月修订） | 关于修订《公司章程》的公告 | 2018年年度报告（修订版） | 2019年第一季度报告（修订版）,
000159,2019-03-31,34,1,0,False,关于2019年一季度报告补充更正公告,
000779,2019-03-31,87,4,0,False,中德证券有限责任公司关于公司回购部分社会公众股份之独立财务顾问报告（修订稿） | 关于以集中竞价交易方式回购公司股份的回购报告书（修订版） | 关于修订公司《章程》的公告 | 关于向控股股东出售资产暨关联交易补充公告,
000788,2019-03-31,7,0,0,False,,
000818,2019-03-31,61,1,0,False,公司章程修订公告,
002145,2019-03-31,36,0,0,False,,
002240,2019-03-31,100,3,0,False,发行股份购买资产并募集配套资金暨关联交易报告书（草案）（修订稿） | 关于发行股份购买资产并募集配套资金暨关联交易报告书（草案）修订说明的公告 | 发行股份购买资产并募集配套资金暨关联交易报告书（草案）与预案（修订稿）差异对比表,
002282,2019-03-31,17,0,0,False,,
002299,2019-03-31,25,0,0,False,,
002405,2019-03-31,45,0,0,False,,
002408,2019-03-31,60,2,0,False,关于首次回购公司股份的更正公告 | 关于控股股东及关联方增持股份计划延期的补充公告,
002469,2019-03-31,11,0,0,False,,
002485,2019-03-31,22,1,0,False,关于2019年度申请融资总额度暨担保的补充公告,
002552,2019-03-31,11,0,0,False,,
002756,2019-03-31,26,0,0,False,,
300016,2019-03-31,26,0,0,False,,
300172,2019-03-31,26,0,0,False,,
300213,2019-03-31,61,0,0,False,,
300259,2019-03-31,28,0,0,False,,
