code,error
605069,"DataSourceError: stock_financial_abstract_ths({'symbol': '605069', 'indicator': '按报告期'}) 重试 4 次后仍失败: AttributeError: 'NoneType' object has no attribute 'string'"
605068,"DataSourceError: stock_financial_abstract_ths({'symbol': '605068', 'indicator': '按报告期'}) 重试 4 次后仍失败: AttributeError: 'NoneType' object has no attribute 'string'"
605066,"DataSourceError: stock_financial_abstract_ths({'symbol': '605066', 'indicator': '按报告期'}) 重试 4 次后仍失败: AttributeError: 'NoneType' object has no attribute 'string'"
605060,"DataSourceError: stock_financial_abstract_ths({'symbol': '605060', 'indicator': '按报告期'}) 重试 4 次后仍失败: AttributeError: 'NoneType' object has no attribute 'string'"
605088,"DataSourceError: stock_financial_abstract_ths({'symbol': '605088', 'indicator': '按报告期'}) 重试 4 次后仍失败: AttributeError: 'NoneType' object has no attribute 'string'"
605080,"DataSourceError: stock_financial_abstract_ths({'symbol': '605080', 'indicator': '按报告期'}) 重试 4 次后仍失败: AttributeError: 'NoneType' object has no attribute 'string'"
605077,"DataSourceError: stock_financial_abstract_ths({'symbol': '605077', 'indicator': '按报告期'}) 重试 4 次后仍失败: AttributeError: 'NoneType' object has no attribute 'string'"
605086,"DataSourceError: stock_financial_abstract_ths({'symbol': '605086', 'indicator': '按报告期'}) 重试 4 次后仍失败: AttributeError: 'NoneType' object has no attribute 'string'"
605098,"DataSourceError: stock_financial_abstract_ths({'symbol': '605098', 'indicator': '按报告期'}) 重试 4 次后仍失败: AttributeError: 'NoneType' object has no attribute 'string'"
605099,"DataSourceError: stock_financial_abstract_ths({'symbol': '605099', 'indicator': '按报告期'}) 重试 4 次后仍失败: AttributeError: 'NoneType' object has no attribute 'string'"
605089,"DataSourceError: stock_financial_abstract_ths({'symbol': '605089', 'indicator': '按报告期'}) 重试 4 次后仍失败: AttributeError: 'NoneType' object has no attribute 'string'"
605090,"DataSourceError: stock_financial_abstract_ths({'symbol': '605090', 'indicator': '按报告期'}) 重试 4 次后仍失败: AttributeError: 'NoneType' object has no attribute 'string'"
605100,"DataSourceError: stock_financial_abstract_ths({'symbol': '605100', 'indicator': '按报告期'}) 重试 4 次后仍失败: AttributeError: 'NoneType' object has no attribute 'string'"
605116,"DataSourceError: stock_financial_abstract_ths({'symbol': '605116', 'indicator': '按报告期'}) 重试 4 次后仍失败: AttributeError: 'NoneType' object has no attribute 'string'"
605111,"DataSourceError: stock_financial_abstract_ths({'symbol': '605111', 'indicator': '按报告期'}) 重试 4 次后仍失败: AttributeError: 'NoneType' object has no attribute 'string'"
605108,"DataSourceError: stock_financial_abstract_ths({'symbol': '605108', 'indicator': '按报告期'}) 重试 4 次后仍失败: AttributeError: 'NoneType' object has no attribute 'string'"
605118,"DataSourceError: stock_financial_abstract_ths({'symbol': '605118', 'indicator': '按报告期'}) 重试 4 次后仍失败: AttributeError: 'NoneType' object has no attribute 'string'"
605123,"DataSourceError: stock_financial_abstract_ths({'symbol': '605123', 'indicator': '按报告期'}) 重试 4 次后仍失败: AttributeError: 'NoneType' object has no attribute 'string'"
605122,"DataSourceError: stock_financial_abstract_ths({'symbol': '605122', 'indicator': '按报告期'}) 重试 4 次后仍失败: AttributeError: 'NoneType' object has no attribute 'string'"
605117,"DataSourceError: stock_financial_abstract_ths({'symbol': '605117', 'indicator': '按报告期'}) 重试 4 次后仍失败: AttributeError: 'NoneType' object has no attribute 'string'"
605128,"DataSourceError: stock_financial_abstract_ths({'symbol': '605128', 'indicator': '按报告期'}) 重试 4 次后仍失败: AttributeError: 'NoneType' object has no attribute 'string'"
605138,"DataSourceError: stock_financial_abstract_ths({'symbol': '605138', 'indicator': '按报告期'}) 重试 4 次后仍失败: AttributeError: 'NoneType' object has no attribute 'string'"
605136,"DataSourceError: stock_financial_abstract_ths({'symbol': '605136', 'indicator': '按报告期'}) 重试 4 次后仍失败: AttributeError: 'NoneType' object has no attribute 'string'"
605133,"DataSourceError: stock_financial_abstract_ths({'symbol': '605133', 'indicator': '按报告期'}) 重试 4 次后仍失败: AttributeError: 'NoneType' object has no attribute 'string'"
605151,"DataSourceError: stock_financial_abstract_ths({'symbol': '605151', 'indicator': '按报告期'}) 重试 4 次后仍失败: AttributeError: 'NoneType' object has no attribute 'string'"
605158,"DataSourceError: stock_financial_abstract_ths({'symbol': '605158', 'indicator': '按报告期'}) 重试 4 次后仍失败: AttributeError: 'NoneType' object has no attribute 'string'"
605155,"DataSourceError: stock_financial_abstract_ths({'symbol': '605155', 'indicator': '按报告期'}) 重试 4 次后仍失败: AttributeError: 'NoneType' object has no attribute 'string'"
605162,"DataSourceError: stock_financial_abstract_ths({'symbol': '605162', 'indicator': '按报告期'}) 重试 4 次后仍失败: AttributeError: 'NoneType' object has no attribute 'string'"
605169,"DataSourceError: stock_financial_abstract_ths({'symbol': '605169', 'indicator': '按报告期'}) 重试 4 次后仍失败: AttributeError: 'NoneType' object has no attribute 'string'"
605168,"DataSourceError: stock_financial_abstract_ths({'symbol': '605168', 'indicator': '按报告期'}) 重试 4 次后仍失败: AttributeError: 'NoneType' object has no attribute 'string'"
605166,"DataSourceError: stock_financial_abstract_ths({'symbol': '605166', 'indicator': '按报告期'}) 重试 4 次后仍失败: AttributeError: 'NoneType' object has no attribute 'string'"
605167,"DataSourceError: stock_financial_abstract_ths({'symbol': '605167', 'indicator': '按报告期'}) 重试 4 次后仍失败: AttributeError: 'NoneType' object has no attribute 'string'"
605180,"DataSourceError: stock_financial_abstract_ths({'symbol': '605180', 'indicator': '按报告期'}) 重试 4 次后仍失败: AttributeError: 'NoneType' object has no attribute 'string'"
605178,"DataSourceError: stock_financial_abstract_ths({'symbol': '605178', 'indicator': '按报告期'}) 重试 4 次后仍失败: AttributeError: 'NoneType' object has no attribute 'string'"
605177,"DataSourceError: stock_financial_abstract_ths({'symbol': '605177', 'indicator': '按报告期'}) 重试 4 次后仍失败: AttributeError: 'NoneType' object has no attribute 'string'"
605179,"DataSourceError: stock_financial_abstract_ths({'symbol': '605179', 'indicator': '按报告期'}) 重试 4 次后仍失败: AttributeError: 'NoneType' object has no attribute 'string'"
605186,"DataSourceError: stock_financial_abstract_ths({'symbol': '605186', 'indicator': '按报告期'}) 重试 4 次后仍失败: AttributeError: 'NoneType' object has no attribute 'string'"
605183,"DataSourceError: stock_financial_abstract_ths({'symbol': '605183', 'indicator': '按报告期'}) 重试 4 次后仍失败: AttributeError: 'NoneType' object has no attribute 'string'"
605188,"DataSourceError: stock_financial_abstract_ths({'symbol': '605188', 'indicator': '按报告期'}) 重试 4 次后仍失败: AttributeError: 'NoneType' object has no attribute 'string'"
605189,"DataSourceError: stock_financial_abstract_ths({'symbol': '605189', 'indicator': '按报告期'}) 重试 4 次后仍失败: AttributeError: 'NoneType' object has no attribute 'string'"
605196,"DataSourceError: stock_financial_abstract_ths({'symbol': '605196', 'indicator': '按报告期'}) 重试 4 次后仍失败: AttributeError: 'NoneType' object has no attribute 'string'"
605198,"DataSourceError: stock_financial_abstract_ths({'symbol': '605198', 'indicator': '按报告期'}) 重试 4 次后仍失败: AttributeError: 'NoneType' object has no attribute 'string'"
605218,"DataSourceError: stock_financial_abstract_ths({'symbol': '605218', 'indicator': '按报告期'}) 重试 4 次后仍失败: AttributeError: 'NoneType' object has no attribute 'string'"
605208,"DataSourceError: stock_financial_abstract_ths({'symbol': '605208', 'indicator': '按报告期'}) 重试 4 次后仍失败: AttributeError: 'NoneType' object has no attribute 'string'"
605228,"DataSourceError: stock_financial_abstract_ths({'symbol': '605228', 'indicator': '按报告期'}) 重试 4 次后仍失败: AttributeError: 'NoneType' object has no attribute 'string'"
605222,"DataSourceError: stock_financial_abstract_ths({'symbol': '605222', 'indicator': '按报告期'}) 重试 4 次后仍失败: AttributeError: 'NoneType' object has no attribute 'string'"
605255,"DataSourceError: stock_financial_abstract_ths({'symbol': '605255', 'indicator': '按报告期'}) 重试 4 次后仍失败: AttributeError: 'NoneType' object has no attribute 'string'"
605258,"DataSourceError: stock_financial_abstract_ths({'symbol': '605258', 'indicator': '按报告期'}) 重试 4 次后仍失败: AttributeError: 'NoneType' object has no attribute 'string'"
605259,"DataSourceError: stock_financial_abstract_ths({'symbol': '605259', 'indicator': '按报告期'}) 重试 4 次后仍失败: AttributeError: 'NoneType' object has no attribute 'string'"
605266,"DataSourceError: stock_financial_abstract_ths({'symbol': '605266', 'indicator': '按报告期'}) 重试 4 次后仍失败: AttributeError: 'NoneType' object has no attribute 'string'"
605277,"DataSourceError: stock_financial_abstract_ths({'symbol': '605277', 'indicator': '按报告期'}) 重试 4 次后仍失败: AttributeError: 'NoneType' object has no attribute 'string'"
605268,"DataSourceError: stock_financial_abstract_ths({'symbol': '605268', 'indicator': '按报告期'}) 重试 4 次后仍失败: AttributeError: 'NoneType' object has no attribute 'string'"
605286,"DataSourceError: stock_financial_abstract_ths({'symbol': '605286', 'indicator': '按报告期'}) 重试 4 次后仍失败: AttributeError: 'NoneType' object has no attribute 'string'"
605287,"DataSourceError: stock_financial_abstract_ths({'symbol': '605287', 'indicator': '按报告期'}) 重试 4 次后仍失败: AttributeError: 'NoneType' object has no attribute 'string'"
605289,"DataSourceError: stock_financial_abstract_ths({'symbol': '605289', 'indicator': '按报告期'}) 重试 4 次后仍失败: AttributeError: 'NoneType' object has no attribute 'string'"
605288,"DataSourceError: stock_financial_abstract_ths({'symbol': '605288', 'indicator': '按报告期'}) 重试 4 次后仍失败: AttributeError: 'NoneType' object has no attribute 'string'"
605298,"DataSourceError: stock_financial_abstract_ths({'symbol': '605298', 'indicator': '按报告期'}) 重试 4 次后仍失败: AttributeError: 'NoneType' object has no attribute 'string'"
605296,"DataSourceError: stock_financial_abstract_ths({'symbol': '605296', 'indicator': '按报告期'}) 重试 4 次后仍失败: AttributeError: 'NoneType' object has no attribute 'string'"
605299,"DataSourceError: stock_financial_abstract_ths({'symbol': '605299', 'indicator': '按报告期'}) 重试 4 次后仍失败: AttributeError: 'NoneType' object has no attribute 'string'"
605300,"DataSourceError: stock_financial_abstract_ths({'symbol': '605300', 'indicator': '按报告期'}) 重试 4 次后仍失败: AttributeError: 'NoneType' object has no attribute 'string'"
605303,"DataSourceError: stock_financial_abstract_ths({'symbol': '605303', 'indicator': '按报告期'}) 重试 4 次后仍失败: AttributeError: 'NoneType' object has no attribute 'string'"
605305,"DataSourceError: stock_financial_abstract_ths({'symbol': '605305', 'indicator': '按报告期'}) 重试 4 次后仍失败: AttributeError: 'NoneType' object has no attribute 'string'"
605318,"DataSourceError: stock_financial_abstract_ths({'symbol': '605318', 'indicator': '按报告期'}) 重试 4 次后仍失败: AttributeError: 'NoneType' object has no attribute 'string'"
605319,"DataSourceError: stock_financial_abstract_ths({'symbol': '605319', 'indicator': '按报告期'}) 重试 4 次后仍失败: AttributeError: 'NoneType' object has no attribute 'string'"
605333,"DataSourceError: stock_financial_abstract_ths({'symbol': '605333', 'indicator': '按报告期'}) 重试 4 次后仍失败: AttributeError: 'NoneType' object has no attribute 'string'"
605337,"DataSourceError: stock_financial_abstract_ths({'symbol': '605337', 'indicator': '按报告期'}) 重试 4 次后仍失败: AttributeError: 'NoneType' object has no attribute 'string'"
605338,"DataSourceError: stock_financial_abstract_ths({'symbol': '605338', 'indicator': '按报告期'}) 重试 4 次后仍失败: AttributeError: 'NoneType' object has no attribute 'string'"
605339,"DataSourceError: stock_financial_abstract_ths({'symbol': '605339', 'indicator': '按报告期'}) 重试 4 次后仍失败: AttributeError: 'NoneType' object has no attribute 'string'"
605365,"DataSourceError: stock_financial_abstract_ths({'symbol': '605365', 'indicator': '按报告期'}) 重试 4 次后仍失败: AttributeError: 'NoneType' object has no attribute 'string'"
605358,"DataSourceError: stock_financial_abstract_ths({'symbol': '605358', 'indicator': '按报告期'}) 重试 4 次后仍失败: AttributeError: 'NoneType' object has no attribute 'string'"
605366,"DataSourceError: stock_financial_abstract_ths({'symbol': '605366', 'indicator': '按报告期'}) 重试 4 次后仍失败: AttributeError: 'NoneType' object has no attribute 'string'"
605368,"DataSourceError: stock_financial_abstract_ths({'symbol': '605368', 'indicator': '按报告期'}) 重试 4 次后仍失败: AttributeError: 'NoneType' object has no attribute 'string'"
605378,"DataSourceError: stock_financial_abstract_ths({'symbol': '605378', 'indicator': '按报告期'}) 重试 4 次后仍失败: AttributeError: 'NoneType' object has no attribute 'string'"
605376,"DataSourceError: stock_financial_abstract_ths({'symbol': '605376', 'indicator': '按报告期'}) 重试 4 次后仍失败: AttributeError: 'NoneType' object has no attribute 'string'"
605369,"DataSourceError: stock_financial_abstract_ths({'symbol': '605369', 'indicator': '按报告期'}) 重试 4 次后仍失败: AttributeError: 'NoneType' object has no attribute 'string'"
605377,"DataSourceError: stock_financial_abstract_ths({'symbol': '605377', 'indicator': '按报告期'}) 重试 4 次后仍失败: AttributeError: 'NoneType' object has no attribute 'string'"
605398,"DataSourceError: stock_financial_abstract_ths({'symbol': '605398', 'indicator': '按报告期'}) 重试 4 次后仍失败: AttributeError: 'NoneType' object has no attribute 'string'"
605399,"DataSourceError: stock_financial_abstract_ths({'symbol': '605399', 'indicator': '按报告期'}) 重试 4 次后仍失败: AttributeError: 'NoneType' object has no attribute 'string'"
605388,"DataSourceError: stock_financial_abstract_ths({'symbol': '605388', 'indicator': '按报告期'}) 重试 4 次后仍失败: AttributeError: 'NoneType' object has no attribute 'string'"
605389,"DataSourceError: stock_financial_abstract_ths({'symbol': '605389', 'indicator': '按报告期'}) 重试 4 次后仍失败: AttributeError: 'NoneType' object has no attribute 'string'"
605507,"DataSourceError: stock_financial_abstract_ths({'symbol': '605507', 'indicator': '按报告期'}) 重试 4 次后仍失败: AttributeError: 'NoneType' object has no attribute 'string'"
605499,"DataSourceError: stock_financial_abstract_ths({'symbol': '605499', 'indicator': '按报告期'}) 重试 4 次后仍失败: AttributeError: 'NoneType' object has no attribute 'string'"
605500,"DataSourceError: stock_financial_abstract_ths({'symbol': '605500', 'indicator': '按报告期'}) 重试 4 次后仍失败: AttributeError: 'NoneType' object has no attribute 'string'"
605488,"DataSourceError: stock_financial_abstract_ths({'symbol': '605488', 'indicator': '按报告期'}) 重试 4 次后仍失败: AttributeError: 'NoneType' object has no attribute 'string'"
605567,"DataSourceError: stock_financial_abstract_ths({'symbol': '605567', 'indicator': '按报告期'}) 重试 4 次后仍失败: AttributeError: 'NoneType' object has no attribute 'string'"
605577,"DataSourceError: stock_financial_abstract_ths({'symbol': '605577', 'indicator': '按报告期'}) 重试 4 次后仍失败: AttributeError: 'NoneType' object has no attribute 'string'"
605566,"DataSourceError: stock_financial_abstract_ths({'symbol': '605566', 'indicator': '按报告期'}) 重试 4 次后仍失败: AttributeError: 'NoneType' object has no attribute 'string'"
605555,"DataSourceError: stock_financial_abstract_ths({'symbol': '605555', 'indicator': '按报告期'}) 重试 4 次后仍失败: AttributeError: 'NoneType' object has no attribute 'string'"
605588,"DataSourceError: stock_financial_abstract_ths({'symbol': '605588', 'indicator': '按报告期'}) 重试 4 次后仍失败: AttributeError: 'NoneType' object has no attribute 'string'"
605589,"DataSourceError: stock_financial_abstract_ths({'symbol': '605589', 'indicator': '按报告期'}) 重试 4 次后仍失败: AttributeError: 'NoneType' object has no attribute 'string'"
605580,"DataSourceError: stock_financial_abstract_ths({'symbol': '605580', 'indicator': '按报告期'}) 重试 4 次后仍失败: AttributeError: 'NoneType' object has no attribute 'string'"
605598,"DataSourceError: stock_financial_abstract_ths({'symbol': '605598', 'indicator': '按报告期'}) 重试 4 次后仍失败: AttributeError: 'NoneType' object has no attribute 'string'"
688001,"DataSourceError: stock_financial_abstract_ths({'symbol': '688001', 'indicator': '按报告期'}) 重试 4 次后仍失败: AttributeError: 'NoneType' object has no attribute 'string'"
605599,"DataSourceError: stock_financial_abstract_ths({'symbol': '605599', 'indicator': '按报告期'}) 重试 4 次后仍失败: AttributeError: 'NoneType' object has no attribute 'string'"
688002,"DataSourceError: stock_financial_abstract_ths({'symbol': '688002', 'indicator': '按报告期'}) 重试 4 次后仍失败: AttributeError: 'NoneType' object has no attribute 'string'"
688003,"DataSourceError: stock_financial_abstract_ths({'symbol': '688003', 'indicator': '按报告期'}) 重试 4 次后仍失败: AttributeError: 'NoneType' object has no attribute 'string'"
688005,"DataSourceError: stock_financial_abstract_ths({'symbol': '688005', 'indicator': '按报告期'}) 重试 4 次后仍失败: AttributeError: 'NoneType' object has no attribute 'string'"
688004,"DataSourceError: stock_financial_abstract_ths({'symbol': '688004', 'indicator': '按报告期'}) 重试 4 次后仍失败: AttributeError: 'NoneType' object has no attribute 'string'"
688006,"DataSourceError: stock_financial_abstract_ths({'symbol': '688006', 'indicator': '按报告期'}) 重试 4 次后仍失败: AttributeError: 'NoneType' object has no attribute 'string'"
688007,"DataSourceError: stock_financial_abstract_ths({'symbol': '688007', 'indicator': '按报告期'}) 重试 4 次后仍失败: AttributeError: 'NoneType' object has no attribute 'string'"
688009,"DataSourceError: stock_financial_abstract_ths({'symbol': '688009', 'indicator': '按报告期'}) 重试 4 次后仍失败: AttributeError: 'NoneType' object has no attribute 'string'"
688008,"DataSourceError: stock_financial_abstract_ths({'symbol': '688008', 'indicator': '按报告期'}) 重试 4 次后仍失败: AttributeError: 'NoneType' object has no attribute 'string'"
688010,"DataSourceError: stock_financial_abstract_ths({'symbol': '688010', 'indicator': '按报告期'}) 重试 4 次后仍失败: AttributeError: 'NoneType' object has no attribute 'string'"
688011,"DataSourceError: stock_financial_abstract_ths({'symbol': '688011', 'indicator': '按报告期'}) 重试 4 次后仍失败: AttributeError: 'NoneType' object has no attribute 'string'"
688013,"DataSourceError: stock_financial_abstract_ths({'symbol': '688013', 'indicator': '按报告期'}) 重试 4 次后仍失败: AttributeError: 'NoneType' object has no attribute 'string'"
688012,"DataSourceError: stock_financial_abstract_ths({'symbol': '688012', 'indicator': '按报告期'}) 重试 4 次后仍失败: AttributeError: 'NoneType' object has no attribute 'string'"
688015,"DataSourceError: stock_financial_abstract_ths({'symbol': '688015', 'indicator': '按报告期'}) 重试 4 次后仍失败: AttributeError: 'NoneType' object has no attribute 'string'"
688016,"DataSourceError: stock_financial_abstract_ths({'symbol': '688016', 'indicator': '按报告期'}) 重试 4 次后仍失败: AttributeError: 'NoneType' object has no attribute 'string'"
688017,"DataSourceError: stock_financial_abstract_ths({'symbol': '688017', 'indicator': '按报告期'}) 重试 4 次后仍失败: AttributeError: 'NoneType' object has no attribute 'string'"
688019,"DataSourceError: stock_financial_abstract_ths({'symbol': '688019', 'indicator': '按报告期'}) 重试 4 次后仍失败: AttributeError: 'NoneType' object has no attribute 'string'"
688018,"DataSourceError: stock_financial_abstract_ths({'symbol': '688018', 'indicator': '按报告期'}) 重试 4 次后仍失败: AttributeError: 'NoneType' object has no attribute 'string'"
688020,"DataSourceError: stock_financial_abstract_ths({'symbol': '688020', 'indicator': '按报告期'}) 重试 4 次后仍失败: AttributeError: 'NoneType' object has no attribute 'string'"
688023,"DataSourceError: stock_financial_abstract_ths({'symbol': '688023', 'indicator': '按报告期'}) 重试 4 次后仍失败: AttributeError: 'NoneType' object has no attribute 'string'"
688021,"DataSourceError: stock_financial_abstract_ths({'symbol': '688021', 'indicator': '按报告期'}) 重试 4 次后仍失败: AttributeError: 'NoneType' object has no attribute 'string'"
688025,"DataSourceError: stock_financial_abstract_ths({'symbol': '688025', 'indicator': '按报告期'}) 重试 4 次后仍失败: AttributeError: 'NoneType' object has no attribute 'string'"
688026,"DataSourceError: stock_financial_abstract_ths({'symbol': '688026', 'indicator': '按报告期'}) 重试 4 次后仍失败: AttributeError: 'NoneType' object has no attribute 'string'"
688028,"DataSourceError: stock_financial_abstract_ths({'symbol': '688028', 'indicator': '按报告期'}) 重试 4 次后仍失败: AttributeError: 'NoneType' object has no attribute 'string'"
688029,"DataSourceError: stock_financial_abstract_ths({'symbol': '688029', 'indicator': '按报告期'}) 重试 4 次后仍失败: AttributeError: 'NoneType' object has no attribute 'string'"
688027,"DataSourceError: stock_financial_abstract_ths({'symbol': '688027', 'indicator': '按报告期'}) 重试 4 次后仍失败: AttributeError: 'NoneType' object has no attribute 'string'"
688030,"DataSourceError: stock_financial_abstract_ths({'symbol': '688030', 'indicator': '按报告期'}) 重试 4 次后仍失败: AttributeError: 'NoneType' object has no attribute 'string'"
688035,"DataSourceError: stock_financial_abstract_ths({'symbol': '688035', 'indicator': '按报告期'}) 重试 4 次后仍失败: AttributeError: 'NoneType' object has no attribute 'string'"
688032,"DataSourceError: stock_financial_abstract_ths({'symbol': '688032', 'indicator': '按报告期'}) 重试 4 次后仍失败: AttributeError: 'NoneType' object has no attribute 'string'"
688031,"DataSourceError: stock_financial_abstract_ths({'symbol': '688031', 'indicator': '按报告期'}) 重试 4 次后仍失败: AttributeError: 'NoneType' object has no attribute 'string'"
688036,"DataSourceError: stock_financial_abstract_ths({'symbol': '688036', 'indicator': '按报告期'}) 重试 4 次后仍失败: AttributeError: 'NoneType' object has no attribute 'string'"
688037,"DataSourceError: stock_financial_abstract_ths({'symbol': '688037', 'indicator': '按报告期'}) 重试 4 次后仍失败: AttributeError: 'NoneType' object has no attribute 'string'"
688039,"DataSourceError: stock_financial_abstract_ths({'symbol': '688039', 'indicator': '按报告期'}) 重试 4 次后仍失败: AttributeError: 'NoneType' object has no attribute 'string'"
688038,"DataSourceError: stock_financial_abstract_ths({'symbol': '688038', 'indicator': '按报告期'}) 重试 4 次后仍失败: AttributeError: 'NoneType' object has no attribute 'string'"
688041,"DataSourceError: stock_financial_abstract_ths({'symbol': '688041', 'indicator': '按报告期'}) 重试 4 次后仍失败: AttributeError: 'NoneType' object has no attribute 'string'"
688047,"DataSourceError: stock_financial_abstract_ths({'symbol': '688047', 'indicator': '按报告期'}) 重试 4 次后仍失败: AttributeError: 'NoneType' object has no attribute 'string'"
688045,"DataSourceError: stock_financial_abstract_ths({'symbol': '688045', 'indicator': '按报告期'}) 重试 4 次后仍失败: AttributeError: 'NoneType' object has no attribute 'string'"
688046,"DataSourceError: stock_financial_abstract_ths({'symbol': '688046', 'indicator': '按报告期'}) 重试 4 次后仍失败: AttributeError: 'NoneType' object has no attribute 'string'"
688048,"DataSourceError: stock_financial_abstract_ths({'symbol': '688048', 'indicator': '按报告期'}) 重试 4 次后仍失败: AttributeError: 'NoneType' object has no attribute 'string'"
688049,"DataSourceError: stock_financial_abstract_ths({'symbol': '688049', 'indicator': '按报告期'}) 重试 4 次后仍失败: AttributeError: 'NoneType' object has no attribute 'string'"
688051,"DataSourceError: stock_financial_abstract_ths({'symbol': '688051', 'indicator': '按报告期'}) 重试 4 次后仍失败: AttributeError: 'NoneType' object has no attribute 'string'"
688050,"DataSourceError: stock_financial_abstract_ths({'symbol': '688050', 'indicator': '按报告期'}) 重试 4 次后仍失败: AttributeError: 'NoneType' object has no attribute 'string'"
688052,"DataSourceError: stock_financial_abstract_ths({'symbol': '688052', 'indicator': '按报告期'}) 重试 4 次后仍失败: AttributeError: 'NoneType' object has no attribute 'string'"
688056,"DataSourceError: stock_financial_abstract_ths({'symbol': '688056', 'indicator': '按报告期'}) 重试 4 次后仍失败: AttributeError: 'NoneType' object has no attribute 'string'"
688055,"DataSourceError: stock_financial_abstract_ths({'symbol': '688055', 'indicator': '按报告期'}) 重试 4 次后仍失败: AttributeError: 'NoneType' object has no attribute 'string'"
688057,"DataSourceError: stock_financial_abstract_ths({'symbol': '688057', 'indicator': '按报告期'}) 重试 4 次后仍失败: AttributeError: 'NoneType' object has no attribute 'string'"
688058,"DataSourceError: stock_financial_abstract_ths({'symbol': '688058', 'indicator': '按报告期'}) 重试 4 次后仍失败: AttributeError: 'NoneType' object has no attribute 'string'"
688059,"DataSourceError: stock_financial_abstract_ths({'symbol': '688059', 'indicator': '按报告期'}) 重试 4 次后仍失败: AttributeError: 'NoneType' object has no attribute 'string'"
688060,"DataSourceError: stock_financial_abstract_ths({'symbol': '688060', 'indicator': '按报告期'}) 重试 4 次后仍失败: AttributeError: 'NoneType' object has no attribute 'string'"
688061,"DataSourceError: stock_financial_abstract_ths({'symbol': '688061', 'indicator': '按报告期'}) 重试 4 次后仍失败: AttributeError: 'NoneType' object has no attribute 'string'"
688062,"DataSourceError: stock_financial_abstract_ths({'symbol': '688062', 'indicator': '按报告期'}) 重试 4 次后仍失败: AttributeError: 'NoneType' object has no attribute 'string'"
688067,"DataSourceError: stock_financial_abstract_ths({'symbol': '688067', 'indicator': '按报告期'}) 重试 4 次后仍失败: AttributeError: 'NoneType' object has no attribute 'string'"
688065,"DataSourceError: stock_financial_abstract_ths({'symbol': '688065', 'indicator': '按报告期'}) 重试 4 次后仍失败: AttributeError: 'NoneType' object has no attribute 'string'"
688063,"DataSourceError: stock_financial_abstract_ths({'symbol': '688063', 'indicator': '按报告期'}) 重试 4 次后仍失败: AttributeError: 'NoneType' object has no attribute 'string'"
688068,"DataSourceError: stock_financial_abstract_ths({'symbol': '688068', 'indicator': '按报告期'}) 重试 4 次后仍失败: AttributeError: 'NoneType' object has no attribute 'string'"
688071,"DataSourceError: stock_financial_abstract_ths({'symbol': '688071', 'indicator': '按报告期'}) 重试 4 次后仍失败: AttributeError: 'NoneType' object has no attribute 'string'"
688070,"DataSourceError: stock_financial_abstract_ths({'symbol': '688070', 'indicator': '按报告期'}) 重试 4 次后仍失败: AttributeError: 'NoneType' object has no attribute 'string'"
688069,"DataSourceError: stock_financial_abstract_ths({'symbol': '688069', 'indicator': '按报告期'}) 重试 4 次后仍失败: AttributeError: 'NoneType' object has no attribute 'string'"
688072,"DataSourceError: stock_financial_abstract_ths({'symbol': '688072', 'indicator': '按报告期'}) 重试 4 次后仍失败: AttributeError: 'NoneType' object has no attribute 'string'"
688075,"DataSourceError: stock_financial_abstract_ths({'symbol': '688075', 'indicator': '按报告期'}) 重试 4 次后仍失败: AttributeError: 'NoneType' object has no attribute 'string'"
688077,"DataSourceError: stock_financial_abstract_ths({'symbol': '688077', 'indicator': '按报告期'}) 重试 4 次后仍失败: AttributeError: 'NoneType' object has no attribute 'string'"
688073,"DataSourceError: stock_financial_abstract_ths({'symbol': '688073', 'indicator': '按报告期'}) 重试 4 次后仍失败: AttributeError: 'NoneType' object has no attribute 'string'"
688078,"DataSourceError: stock_financial_abstract_ths({'symbol': '688078', 'indicator': '按报告期'}) 重试 4 次后仍失败: AttributeError: 'NoneType' object has no attribute 'string'"
688081,"DataSourceError: stock_financial_abstract_ths({'symbol': '688081', 'indicator': '按报告期'}) 重试 4 次后仍失败: AttributeError: 'NoneType' object has no attribute 'string'"
688080,"DataSourceError: stock_financial_abstract_ths({'symbol': '688080', 'indicator': '按报告期'}) 重试 4 次后仍失败: AttributeError: 'NoneType' object has no attribute 'string'"
688079,"DataSourceError: stock_financial_abstract_ths({'symbol': '688079', 'indicator': '按报告期'}) 重试 4 次后仍失败: AttributeError: 'NoneType' object has no attribute 'string'"
688082,"DataSourceError: stock_financial_abstract_ths({'symbol': '688082', 'indicator': '按报告期'}) 重试 4 次后仍失败: AttributeError: 'NoneType' object has no attribute 'string'"
688085,"DataSourceError: stock_financial_abstract_ths({'symbol': '688085', 'indicator': '按报告期'}) 重试 4 次后仍失败: AttributeError: 'NoneType' object has no attribute 'string'"
688083,"DataSourceError: stock_financial_abstract_ths({'symbol': '688083', 'indicator': '按报告期'}) 重试 4 次后仍失败: AttributeError: 'NoneType' object has no attribute 'string'"
688084,"DataSourceError: stock_financial_abstract_ths({'symbol': '688084', 'indicator': '按报告期'}) 重试 4 次后仍失败: AttributeError: 'NoneType' object has no attribute 'string'"
688087,"DataSourceError: stock_financial_abstract_ths({'symbol': '688087', 'indicator': '按报告期'}) 重试 4 次后仍失败: AttributeError: 'NoneType' object has no attribute 'string'"
688090,"DataSourceError: stock_financial_abstract_ths({'symbol': '688090', 'indicator': '按报告期'}) 重试 4 次后仍失败: AttributeError: 'NoneType' object has no attribute 'string'"
688088,"DataSourceError: stock_financial_abstract_ths({'symbol': '688088', 'indicator': '按报告期'}) 重试 4 次后仍失败: AttributeError: 'NoneType' object has no attribute 'string'"
688091,"DataSourceError: stock_financial_abstract_ths({'symbol': '688091', 'indicator': '按报告期'}) 重试 4 次后仍失败: AttributeError: 'NoneType' object has no attribute 'string'"
688092,"DataSourceError: stock_financial_abstract_ths({'symbol': '688092', 'indicator': '按报告期'}) 重试 4 次后仍失败: AttributeError: 'NoneType' object has no attribute 'string'"
688093,"DataSourceError: stock_financial_abstract_ths({'symbol': '688093', 'indicator': '按报告期'}) 重试 4 次后仍失败: AttributeError: 'NoneType' object has no attribute 'string'"
688096,"DataSourceError: stock_financial_abstract_ths({'symbol': '688096', 'indicator': '按报告期'}) 重试 4 次后仍失败: AttributeError: 'NoneType' object has no attribute 'string'"
688095,"DataSourceError: stock_financial_abstract_ths({'symbol': '688095', 'indicator': '按报告期'}) 重试 4 次后仍失败: AttributeError: 'NoneType' object has no attribute 'string'"
688097,"DataSourceError: stock_financial_abstract_ths({'symbol': '688097', 'indicator': '按报告期'}) 重试 4 次后仍失败: AttributeError: 'NoneType' object has no attribute 'string'"
688098,"DataSourceError: stock_financial_abstract_ths({'symbol': '688098', 'indicator': '按报告期'}) 重试 4 次后仍失败: AttributeError: 'NoneType' object has no attribute 'string'"
688099,"DataSourceError: stock_financial_abstract_ths({'symbol': '688099', 'indicator': '按报告期'}) 重试 4 次后仍失败: AttributeError: 'NoneType' object has no attribute 'string'"
688100,"DataSourceError: stock_financial_abstract_ths({'symbol': '688100', 'indicator': '按报告期'}) 重试 4 次后仍失败: AttributeError: 'NoneType' object has no attribute 'string'"
688101,"DataSourceError: stock_financial_abstract_ths({'symbol': '688101', 'indicator': '按报告期'}) 重试 4 次后仍失败: AttributeError: 'NoneType' object has no attribute 'string'"
688102,"DataSourceError: stock_financial_abstract_ths({'symbol': '688102', 'indicator': '按报告期'}) 重试 4 次后仍失败: AttributeError: 'NoneType' object has no attribute 'string'"
688103,"DataSourceError: stock_financial_abstract_ths({'symbol': '688103', 'indicator': '按报告期'}) 重试 4 次后仍失败: AttributeError: 'NoneType' object has no attribute 'string'"
688105,"DataSourceError: stock_financial_abstract_ths({'symbol': '688105', 'indicator': '按报告期'}) 重试 4 次后仍失败: AttributeError: 'NoneType' object has no attribute 'string'"
688106,"DataSourceError: stock_financial_abstract_ths({'symbol': '688106', 'indicator': '按报告期'}) 重试 4 次后仍失败: AttributeError: 'NoneType' object has no attribute 'string'"
688107,"DataSourceError: stock_financial_abstract_ths({'symbol': '688107', 'indicator': '按报告期'}) 重试 4 次后仍失败: AttributeError: 'NoneType' object has no attribute 'string'"
688108,"DataSourceError: stock_financial_abstract_ths({'symbol': '688108', 'indicator': '按报告期'}) 重试 4 次后仍失败: AttributeError: 'NoneType' object has no attribute 'string'"
688109,"DataSourceError: stock_financial_abstract_ths({'symbol': '688109', 'indicator': '按报告期'}) 重试 4 次后仍失败: AttributeError: 'NoneType' object has no attribute 'string'"
688110,"DataSourceError: stock_financial_abstract_ths({'symbol': '688110', 'indicator': '按报告期'}) 重试 4 次后仍失败: AttributeError: 'NoneType' object has no attribute 'string'"
688111,"DataSourceError: stock_financial_abstract_ths({'symbol': '688111', 'indicator': '按报告期'}) 重试 4 次后仍失败: AttributeError: 'NoneType' object has no attribute 'string'"
688112,"DataSourceError: stock_financial_abstract_ths({'symbol': '688112', 'indicator': '按报告期'}) 重试 4 次后仍失败: AttributeError: 'NoneType' object has no attribute 'string'"
688113,"DataSourceError: stock_financial_abstract_ths({'symbol': '688113', 'indicator': '按报告期'}) 重试 4 次后仍失败: AttributeError: 'NoneType' object has no attribute 'string'"
688114,"DataSourceError: stock_financial_abstract_ths({'symbol': '688114', 'indicator': '按报告期'}) 重试 4 次后仍失败: AttributeError: 'NoneType' object has no attribute 'string'"
688115,"DataSourceError: stock_financial_abstract_ths({'symbol': '688115', 'indicator': '按报告期'}) 重试 4 次后仍失败: AttributeError: 'NoneType' object has no attribute 'string'"
688530,"DataSourceError: stock_financial_abstract_ths({'symbol': '688530', 'indicator': '按报告期'}) 重试 4 次后仍失败: AttributeError: 'NoneType' object has no attribute 'string'"
688692,"DataSourceError: stock_financial_abstract_ths({'symbol': '688692', 'indicator': '按报告期'}) 重试 4 次后仍失败: AttributeError: 'NoneType' object has no attribute 'string'"
