dimension,variant,signal,horizon,top_pct,aum,n_cohorts,n_events_used,n_names_mean,gross_annual_return,net_annual_return,gross_sharpe,net_sharpe,net_max_drawdown,benchmark_annual_return,tracking_error,information_ratio,net_information_ratio,mean_cost,hit_rate_active,capacity_median
baseline,baseline,sue,20.0,0.2,100000000.0,51.0,87892.0,345.0,0.0204152506724109,-0.06057299805571814,0.19766805664970719,-0.21278134959906636,-0.4147594318847124,0.12890364449508596,0.0709466514579315,-1.4958225789468471,-2.4721950297580757,0.006833119649219208,0.29411764705882354,488695465.95500004
aum,AUM=1e+07,,,,10000000.0,51.0,87892.0,345.0,0.0204152506724109,-0.023073705754066087,0.19766805664970719,-0.021335017541052485,-0.3199866797311218,0.12890364449508596,0.0709466514579315,-1.4958225789468471,-2.0236300687475928,0.0036252159098280035,0.29411764705882354,488695465.95500004
aum,AUM=1e+08,,,,100000000.0,51.0,87892.0,345.0,0.0204152506724109,-0.06057299805571814,0.19766805664970719,-0.21278134959906636,-0.4147594318847124,0.12890364449508596,0.0709466514579315,-1.4958225789468471,-2.4721950297580757,0.006833119649219208,0.29411764705882354,488695465.95500004
aum,AUM=1e+09,,,,1000000000.0,51.0,87892.0,345.0,0.0204152506724109,-0.1271846328714803,0.19766805664970719,-0.5705811148280183,-0.5580560620679762,0.12890364449508596,0.0709466514579315,-1.4958225789468471,-3.4495391533538124,0.012878563282493285,0.29411764705882354,488695465.95500004
cost,double_cost,,,,100000000.0,51.0,87892.0,345.0,0.0204152506724109,-0.13595264522311945,0.19766805664970719,-0.6091602509442495,-0.5752051850475555,0.12890364449508596,0.0709466514579315,-1.4958225789468471,-3.167362824428599,0.013666239298438417,0.29411764705882354,488695465.95500004
horizon,h=1,,1.0,,,51.0,87894.0,345.0,0.0159014115098306,-0.06433885552514862,0.5475736586244533,-1.9974265109825171,-0.2511778811910643,0.028832463588747137,0.017648617923344306,-0.7163065749984532,-3.3445922920331905,0.006833119649219208,0.37254901960784315,488695465.95500004
horizon,h=5,,5.0,,,51.0,87893.0,345.0,0.0746211634296643,-0.00990008799655806,0.9175550998237633,-0.07766162196474503,-0.10435961906649627,0.13194970567375774,0.04549442838706878,-1.1533630179411385,-2.604245381336862,0.006833119649219208,0.3137254901960784,488695465.95500004
horizon,h=10,,10.0,,,51.0,87893.0,345.0,0.04887269695917995,-0.033720014803835574,0.5199980060732892,-0.28595753374998223,-0.14737108041012448,0.1349268430633468,0.06800195478534346,-1.180141773361064,-2.3529396811210814,0.006833119649219208,0.23529411764705882,488695465.95500004
horizon,h=20,,20.0,,,51.0,87892.0,345.0,0.0204152506724109,-0.06057299805571814,0.19766805664970719,-0.21278134959906636,-0.4147594318847124,0.12890364449508596,0.0709466514579315,-1.4958225789468471,-2.4721950297580757,0.006833119649219208,0.29411764705882354,488695465.95500004
horizon,h=40,,40.0,,,51.0,87890.0,345.0,0.12535894639380163,0.03627755312903891,0.515381680531678,0.25891090669653005,-0.5674529017687304,0.23326641636997136,0.11544366452719015,-0.8726198512610167,-1.5541611379884321,0.00683313527590449,0.35294117647058826,488695465.95500004
horizon,h=60,,60.0,,,50.0,83434.0,334.06,0.18079478755366174,0.08555591622800773,0.6452734209902828,0.40102968182229576,-0.49788549859866804,0.28871415360034014,0.14975542679389622,-0.6720354955598776,-1.1852045845537778,0.006991482748939175,0.46,482843170.1485
signal,sue,sue,,,,51.0,87892.0,345.0,0.0204152506724109,-0.06057299805571814,0.19766805664970719,-0.21278134959906636,-0.4147594318847124,0.12890364449508596,0.0709466514579315,-1.4958225789468471,-2.4721950297580757,0.006833119649219208,0.29411764705882354,488695465.95500004
signal,sue_z,sue_z,,,,51.0,87892.0,345.0,0.033995602716206275,-0.04795001899763751,0.26334537076155523,-0.14174549605563766,-0.3806010858429685,0.12890364449508596,0.07091483330320805,-1.302374579177297,-2.2726706775094554,0.006826203131257792,0.3137254901960784,488695465.95500004
signal,sue_ind_neutral,sue_ind_neutral,,,,51.0,87892.0,345.0,0.03861563536654855,-0.04796987707035427,0.2835576820674625,-0.13520467145639914,-0.38957101720443543,0.12890364449508596,0.06937830423213551,-1.2608832303157564,-2.2955533148770955,0.00717182652510264,0.37254901960784315,363237831.63000005
signal,sue_neutral,sue_neutral,,,,51.0,87890.0,345.0,0.024130788382606738,-0.06504221215531591,0.21402002055970243,-0.20213669270294202,-0.4430185702845727,0.12896248051191006,0.06473109491827675,-1.5454174541566223,-2.4544296203639875,0.007458188917464146,0.3137254901960784,364413326.0400001
signal,net_profit_yoy_calc,net_profit_yoy_calc,,,,41.0,71875.0,351.0975609756098,0.1130711930229924,0.022390739293685735,0.5534786356921274,0.20919406245789038,-0.39895119165729986,0.2197625983884237,0.07553000566558865,-1.1932915735670844,-2.1065165466459566,0.00704774384193905,0.34146341463414637,413596078.60300004
signal,revenue_yoy_calc,revenue_yoy_calc,,,,41.0,71847.0,350.9756097560976,0.22386000170485776,0.12528282988164263,0.8216443202915564,0.5406645380110556,-0.27324579516734226,0.2200215503276981,0.11835834678433237,0.1364585608464589,-0.6577329070471774,0.00714691326076013,0.4146341463414634,407865897.84000003
signal,eps_yoy_calc,eps_yoy_calc,,,,41.0,71683.0,350.0487804878049,0.10533181781826717,0.015671024698288516,0.5256651936976483,0.18305553964068025,-0.4019595832817541,0.21999965581593384,0.07375190095908972,-1.3203766632229568,-2.194555031136875,0.007004474562697987,0.3902439024390244,434743006.3410001
top_pct,top=10%,,,0.1,,51.0,87892.0,172.7843137254902,-0.04196762928369191,-0.12974031085579407,-0.11103554839866742,-0.5601596273068608,-0.5805710735388592,0.12890364449508596,0.08621115845704488,-1.9497185018769032,-2.7610470026817038,0.007853403784802654,0.29411764705882354,265482628.64200002
top_pct,top=20%,,,0.2,,51.0,87892.0,345.0,0.0204152506724109,-0.06057299805571814,0.19766805664970719,-0.21278134959906636,-0.4147594318847124,0.12890364449508596,0.0709466514579315,-1.4958225789468471,-2.4721950297580757,0.006833119649219208,0.29411764705882354,488695465.95500004
top_pct,top=30%,,,0.3,,51.0,87892.0,517.3921568627451,0.009316801036930444,-0.06427166277494878,0.14679389830060488,-0.2017837782761948,-0.4265825318775801,0.12890364449508596,0.05462612069083738,-2.086271376586591,-3.1491677971518746,0.006247987784371929,0.29411764705882354,596328890.0375
entry_delay,T+2 h=10,,10.0,,,51.0,87891.0,344.98039215686276,0.016166173104164905,-0.0641940472877841,0.20973235265443052,-0.6011759820701934,-0.22820572818488039,0.08861031895443805,0.07301970040499463,-0.9668122600201735,-2.093588132429745,0.006833121350195873,0.3333333333333333,488695465.95500004
entry_delay,T+2 h=20,,20.0,,,51.0,87888.0,344.98039215686276,0.018821087930850577,-0.06203182149513209,0.19014701588693883,-0.19529034558855685,-0.4154086700243339,0.10828320517952728,0.07317110275878957,-1.2125460639356624,-2.2245889710967175,0.006833121350195873,0.3137254901960784,488695465.95500004
year,2019,,,,,7.0,9850.0,281.85714285714283,-0.09687919526157318,-0.16218204628090183,-0.8459531648176764,-1.500168029839004,-0.08423716281311622,-0.1315735284604631,0.023505263758356095,1.660735075990316,-1.0204317208594693,0.0061817073117207,0.5714285714285714,537998871.32
year,2020,,,,,10.0,13799.0,276.4,-0.15826196429630546,-0.2253617691058042,-0.8906471852135676,-1.333832164382499,-0.17587431571816803,-0.033005958322001594,0.03005252881251365,-4.526791778113523,-5.175988659431425,0.006760868228485768,0.1,373834387.76625
year,2021,,,,,9.0,15267.0,339.6666666666667,0.37642066280031683,0.2704427086403174,4.331888090559315,3.003358691762553,-0.008735935949815365,0.5582594729183998,0.06326334364825385,-2.0875615659355837,-3.6076152291040438,0.006798103880129524,0.2222222222222222,296556316.665
year,2022,,,,,9.0,16813.0,373.8888888888889,-0.1154819700024764,-0.17954368684926703,-0.4087653853150566,-0.7163995347726521,-0.15096784739209046,-0.05587259745244222,0.08266128857168802,-0.9038691242193813,-2.045304917174718,0.006151214309048784,0.4444444444444444,476990874.342
year,2023,,,,,9.0,18108.0,402.6666666666667,-0.07025031038530671,-0.1376387360860175,-0.6328962186848877,-1.2812498052363805,-0.14140195898969676,-0.01718159590320989,0.061399284117253206,-0.9112239562576281,-2.8198275618973456,0.006175586488659703,0.1111111111111111,638096169.4010001
year,2024,,,,,7.0,14055.0,401.7142857142857,0.3992274830046951,0.2505387184779473,1.0671576519201986,0.7512930828242659,-0.18381222471784275,0.8190056554435918,0.12217818360495614,-2.2924059680743345,-2.601947704701733,0.009354903791819275,0.42857142857142855,512871915.35999995
size,low,,,,,48.0,28181.0,117.79166666666667,0.2222928313674737,0.046228244037729294,0.7948886484833803,0.29243815713031984,-0.3745490417654276,0.2786548725878246,0.18272548200982522,-0.16586117354724908,-1.0662989994794678,0.013038396406218995,0.3333333333333333,59196081.13525
size,mid,,,,,48.0,29776.0,124.45833333333333,0.0030674459966846257,-0.11385617433145256,0.12785845204889212,-0.36171837417169966,-0.5339726245320939,0.10302122136432024,0.08572971911514807,-1.097296975023521,-2.2887203042996647,0.010116937296554508,0.3541666666666667,162163863.06350002
size,high,,,,,49.0,29912.0,122.46938775510205,-0.12134846344503425,-0.1903211778772781,-0.5520114081486215,-0.9152763676056531,-0.6539623219342996,0.008444057980933284,0.11600305801022744,-1.1982979236848843,-1.8246689863601626,0.006573121508772695,0.24489795918367346,514767361.14750004
liquidity,low,,,,,47.0,28942.0,123.53191489361703,0.10158963189407011,-0.05322601426043738,0.5266714747711151,-0.1044790989210684,-0.40675765152835297,0.28651196428126213,0.08208270151316979,-1.8734143573094784,-3.3812919200349256,0.012437999307347803,0.2978723404255319,81915142.87300001
liquidity,mid,,,,,48.0,29381.0,122.85416666666667,0.048306699817948884,-0.06791343980862752,0.31836678446634475,-0.187747915885282,-0.4560829131365749,0.179272209081192,0.07361066964351459,-1.6407261094379575,-2.8521024755604705,0.00962387328677762,0.2916666666666667,352990018.44375
liquidity,high,,,,,49.0,29445.0,120.57142857142857,-0.08932104478010616,-0.15993335103930106,-0.3527043758802317,-0.7251988708427713,-0.6464345517391652,-0.025472317529181887,0.07512473607728613,-0.9268476960319207,-2.0328354607690384,0.006588085937701456,0.42857142857142855,1119107555.989
