序号,股票代码,报告期,首次预约日,实际披露日,入场日,披露日当时简称,当前简称,当时ST,每股收益,营业总收入,净利润,公告查询,巨潮检索,①披露日是否正确(填Y/N),②备注/差异说明
1,300266,2019-06-30,2019-08-28,2019-08-13,2019-08-14,兴源环境,兴源环境,False,0.02,805485518.86,25782832.57,https://data.eastmoney.com/notices/stock/300266.html,http://www.cninfo.com.cn/new/fulltextSearch?keyWord=兴源环境,,
2,600787,2019-06-30,2019-08-30,2019-08-30,2019-09-02,中储股份,中储股份,False,0.0753,21354158503.32,164424785.25,https://data.eastmoney.com/notices/stock/600787.html,http://www.cninfo.com.cn/new/fulltextSearch?keyWord=中储股份,,
3,300506,2019-06-30,2019-08-30,2019-08-30,2019-09-02,名家汇,名家汇,False,0.57,706070718.81,195471707.56,https://data.eastmoney.com/notices/stock/300506.html,http://www.cninfo.com.cn/new/fulltextSearch?keyWord=名家汇,,
4,002141,2019-09-30,2019-10-26,2019-10-26,2019-10-28,贤丰控股,贤丰控股,False,-0.0078,711562526.22,-8802235.86,https://data.eastmoney.com/notices/stock/002141.html,http://www.cninfo.com.cn/new/fulltextSearch?keyWord=贤丰控股,,
5,603917,2019-12-31,2020-04-16,2020-04-16,2020-04-17,合力科技,合力科技,False,0.4841,610967607.07,75901269.49,https://data.eastmoney.com/notices/stock/603917.html,http://www.cninfo.com.cn/new/fulltextSearch?keyWord=合力科技,,
6,600409,2019-12-31,2020-04-18,2020-04-25,2020-04-27,三友化工,三友化工,False,0.3308,20515134749.91,682915734.42,https://data.eastmoney.com/notices/stock/600409.html,http://www.cninfo.com.cn/new/fulltextSearch?keyWord=三友化工,,
7,603387,2020-03-31,2020-04-30,2020-04-30,2020-05-06,基蛋生物,基蛋生物,False,0.12,148162241.23,43247242.43,https://data.eastmoney.com/notices/stock/603387.html,http://www.cninfo.com.cn/new/fulltextSearch?keyWord=基蛋生物,,
8,002299,2020-06-30,2020-07-22,2020-07-22,2020-07-23,圣农发展,圣农发展,False,1.0748,6500321838.38,1332208363.79,https://data.eastmoney.com/notices/stock/002299.html,http://www.cninfo.com.cn/new/fulltextSearch?keyWord=圣农发展,,
9,300021,2020-06-30,2020-08-25,2020-08-25,2020-08-26,大禹节水,大禹节水,False,0.034,732702118.95,27081693.96,https://data.eastmoney.com/notices/stock/300021.html,http://www.cninfo.com.cn/new/fulltextSearch?keyWord=大禹节水,,
10,002371,2020-06-30,2020-08-31,2020-08-31,2020-09-01,北方华创,北方华创,False,0.3735,2176996774.42,184077524.43,https://data.eastmoney.com/notices/stock/002371.html,http://www.cninfo.com.cn/new/fulltextSearch?keyWord=北方华创,,
11,300537,2020-09-30,2020-10-29,2020-10-29,2020-10-30,广信材料,广信材料,False,0.06,513140030.23,12243506.9,https://data.eastmoney.com/notices/stock/300537.html,http://www.cninfo.com.cn/new/fulltextSearch?keyWord=广信材料,,
12,601099,2020-09-30,2020-10-31,2020-10-31,2020-11-02,太平洋,太平洋,False,0.015,798365671.02,99173430.39,https://data.eastmoney.com/notices/stock/601099.html,http://www.cninfo.com.cn/new/fulltextSearch?keyWord=太平洋,,
13,300112,2021-06-30,2021-08-24,2021-08-24,2021-08-25,万讯自控,万讯自控,False,0.13,374314214.37,35868361.76,https://data.eastmoney.com/notices/stock/300112.html,http://www.cninfo.com.cn/new/fulltextSearch?keyWord=万讯自控,,
14,002007,2021-09-30,2021-10-30,2021-10-30,2021-11-01,华兰生物,华兰生物,False,0.5823,3361074602.03,1060349380.86,https://data.eastmoney.com/notices/stock/002007.html,http://www.cninfo.com.cn/new/fulltextSearch?keyWord=华兰生物,,
15,002939,2021-12-31,2022-04-12,2022-04-12,2022-04-13,长城证券,长城证券,False,0.57,7756796088.56,1765610928.44,https://data.eastmoney.com/notices/stock/002939.html,http://www.cninfo.com.cn/new/fulltextSearch?keyWord=长城证券,,
16,603278,2021-12-31,2022-04-26,2022-04-26,2022-04-27,大业股份,大业股份,False,0.73,5086837939.49,210882370.79,https://data.eastmoney.com/notices/stock/603278.html,http://www.cninfo.com.cn/new/fulltextSearch?keyWord=大业股份,,
17,688156,2022-06-30,2022-08-31,2022-08-20,2022-08-22,路德科技,路德科技,False,0.2,150514214.12,18382895.02,https://data.eastmoney.com/notices/stock/688156.html,http://www.cninfo.com.cn/new/fulltextSearch?keyWord=路德科技,,
18,601997,2022-06-30,2022-08-31,2022-08-27,2022-08-29,贵阳银行,贵阳银行,False,0.8,7963307000.0,2936881000.0,https://data.eastmoney.com/notices/stock/601997.html,http://www.cninfo.com.cn/new/fulltextSearch?keyWord=贵阳银行,,
19,300853,2022-06-30,2022-08-30,2022-08-30,2022-08-31,申昊科技,申昊科技,False,0.06,189894840.13,8829880.3,https://data.eastmoney.com/notices/stock/300853.html,http://www.cninfo.com.cn/new/fulltextSearch?keyWord=申昊科技,,
20,300753,2022-09-30,2022-10-28,2022-10-28,2022-10-31,爱朋医疗,爱朋医疗,False,-0.4144,214381358.15,-52233001.71,https://data.eastmoney.com/notices/stock/300753.html,http://www.cninfo.com.cn/new/fulltextSearch?keyWord=爱朋医疗,,
21,002729,2022-09-30,2022-10-31,2022-10-31,2022-11-01,好利科技,好利科技,False,0.12,180082867.2,21426386.57,https://data.eastmoney.com/notices/stock/002729.html,http://www.cninfo.com.cn/new/fulltextSearch?keyWord=好利科技,,
22,300909,2023-03-31,2023-04-27,2023-04-27,2023-04-28,汇创达,汇创达,False,0.07,206459507.75,10124962.33,https://data.eastmoney.com/notices/stock/300909.html,http://www.cninfo.com.cn/new/fulltextSearch?keyWord=汇创达,,
23,603307,2023-06-30,2023-08-26,2023-08-26,2023-08-28,扬州金泉,扬州金泉,False,2.45,517913498.64,164001643.49,https://data.eastmoney.com/notices/stock/603307.html,http://www.cninfo.com.cn/new/fulltextSearch?keyWord=扬州金泉,,
24,002038,2023-06-30,2023-08-25,2023-08-25,2023-08-28,双鹭药业,双鹭药业,False,0.31,583506665.49,317164126.27,https://data.eastmoney.com/notices/stock/002038.html,http://www.cninfo.com.cn/new/fulltextSearch?keyWord=双鹭药业,,
25,300656,2023-09-30,2023-10-25,2023-10-25,2023-10-26,民德电子,民德电子,False,0.0989,283216529.74,17073820.05,https://data.eastmoney.com/notices/stock/300656.html,http://www.cninfo.com.cn/new/fulltextSearch?keyWord=民德电子,,
26,301072,2023-09-30,2023-10-28,2023-10-28,2023-10-30,中捷精工,中捷精工,False,0.1689,540383765.95,17739888.89,https://data.eastmoney.com/notices/stock/301072.html,http://www.cninfo.com.cn/new/fulltextSearch?keyWord=中捷精工,,
27,688448,2024-03-31,2024-04-23,2024-04-23,2024-04-24,磁谷科技,磁谷科技,False,0.01,43665100.08,718968.71,https://data.eastmoney.com/notices/stock/688448.html,http://www.cninfo.com.cn/new/fulltextSearch?keyWord=磁谷科技,,
28,300136,2023-12-31,2024-04-24,2024-04-24,2024-04-25,信维通信,信维通信,False,0.5389,7547645710.16,521403065.93,https://data.eastmoney.com/notices/stock/300136.html,http://www.cninfo.com.cn/new/fulltextSearch?keyWord=信维通信,,
29,688297,2024-03-31,2024-04-27,2024-04-27,2024-04-29,中无人机,中无人机,False,-0.04,61292020.96,-26996400.07,https://data.eastmoney.com/notices/stock/688297.html,http://www.cninfo.com.cn/new/fulltextSearch?keyWord=中无人机,,
30,000887,2024-06-30,2024-08-31,2024-08-31,2024-09-02,中鼎股份,中鼎股份,False,0.54,9669195454.94,716233214.33,https://data.eastmoney.com/notices/stock/000887.html,http://www.cninfo.com.cn/new/fulltextSearch?keyWord=中鼎股份,,
